{"cameraMode":{"drawMode":0,"name":"Shaded","section":"Shading Mode"},"sceneLighting":true,"audioPlay":false,"sceneViewState":{"showFog":true,"showMaterialUpdate":false,"showSkybox":true,"showFlares":true,"showImageEffects":true,"showParticleSystems":true},"in2DMode":false,"pivot":{"x":1.5543584823608399,"y":0.3240509033203125,"z":-1.5829505920410157},"rotation":{"x":-0.07122019678354263,"y":0.92269366979599,"z":-0.2071167528629303,"w":-0.3172819912433624},"size":11.923035621643067,"orthographic":false}